event_date,ad_format,show_pv,impression_pv,display_failed_pv,impression_show_rate,impression_plus_failed_show_rate,impression_show_rate_dod,impression_plus_failed_show_rate_dod
2025-09-18,interstitial,1381138,1327854,22460,0.9614202201373071,0.9776821722376765,,
2025-09-18,rewarded,406725,400275,2995,0.9841416190300571,0.9915053168602864,,
2025-09-19,interstitial,1392030,1345647,17346,0.9666795974224693,0.9791405357643155,0.005259377285162237,0.0014583635266389727
2025-09-19,rewarded,414026,407999,1707,0.985442943196804,0.9895658726746629,0.0013013241667468867,-0.001939444185623529
2025-09-20,interstitial,1397356,1347253,16820,0.9641444270465078,0.9761814455299866,-0.002535170375961515,-0.0029590902343288317
2025-09-20,rewarded,412652,405690,1824,0.9831286410825587,0.9875488304915522,-0.0023143021142453257,-0.0020170421831107177
2025-09-21,interstitial,1445583,1392963,17664,0.9635994612554243,0.975818752710844,-0.0005449657910835404,-0.0003626928191426959
2025-09-21,rewarded,433985,426191,1895,0.9820408539465649,0.9864073643098263,-0.0010877871359937785,-0.0011414661817258365
2025-09-22,interstitial,1383868,1319963,17535,0.953821462740666,0.9664924689348984,-0.009777998514758246,-0.009326283775945576
2025-09-22,rewarded,417545,407049,1760,0.9748625896609946,0.9790777041995473,-0.007178264285570335,-0.007329660110279024
2025-09-23,interstitial,1392736,1309945,16441,0.9405551375134986,0.9523599591020839,-0.01326632522716742,-0.014132509832814444
2025-09-23,rewarded,416036,400464,2091,0.9625705467796056,0.9675965541443529,-0.012292042881388965,-0.011481150055194456
2025-09-24,interstitial,1385707,1297561,17038,0.936389150087284,0.9486846786514033,-0.004165987426214657,-0.0036752804506806624
2025-09-24,rewarded,416021,399118,2041,0.9593698395032944,0.9642758418445223,-0.0032007072763112765,-0.0033207122998305527
2025-09-25,interstitial,1246302,1136909,20144,0.9122259291889124,0.9283889458574246,-0.02416322089837153,-0.02029573279397867
2025-09-25,rewarded,372566,352222,2524,0.9453949098951595,0.952169548482685,-0.013974929608134845,-0.012106293361837328
2025-09-26,interstitial,1209067,1082434,18335,0.8952638687516904,0.9104284543371045,-0.016962060437222037,-0.017960491520320088
2025-09-26,rewarded,363852,338800,2510,0.9311478293372031,0.9380462385805217,-0.014247080557956426,-0.014123309902163261
2025-09-27,interstitial,1322765,1178582,17215,0.8909987790726244,0.9040131845036722,-0.004265089679066025,-0.006415269833432324
2025-09-27,rewarded,395914,366360,2208,0.9253524755376168,0.9309294442732513,-0.005795353799586289,-0.007116794307270413
2025-09-28,interstitial,1314590,1167421,16564,0.8880495059296054,0.9006496322047178,-0.00294927314301896,-0.003363552298954353
2025-09-28,rewarded,402128,371404,2236,0.9235964667966419,0.9291568853698325,-0.0017560087409749237,-0.0017725589034187639
2025-09-29,interstitial,1205800,1066702,16477,0.8846425609553823,0.8983073478188754,-0.003406944974223114,-0.002342284385842386
2025-09-29,rewarded,371484,342025,2349,0.9206991418203745,0.9270224289606013,-0.002897324976267379,-0.0021344564092312668
2025-09-30,interstitial,1265919,1116505,16845,0.881971911315021,0.8952784498850243,-0.0026706496403613444,-0.0030288979338511934
2025-09-30,rewarded,379944,347613,2443,0.914905880866654,0.9213357757985388,-0.005793260953720458,-0.005686653162062516
2025-10-01,interstitial,1276542,1117985,18549,0.8757917875009205,0.8903224492417797,-0.006180123814100491,-0.004956000643244529
2025-10-01,rewarded,378430,344463,2410,0.9102423169410458,0.9166107338213144,-0.004663563925608183,-0.004725041977224342
2025-10-02,interstitial,1372315,1201322,20994,0.8753981410973428,0.8906963780181664,-0.000393646403577641,0.000373928776386645
2025-10-02,rewarded,398606,362037,2927,0.9082577783575762,0.9156008690285645,-0.001984538583469697,-0.0010098647927498927
2025-10-03,interstitial,1337925,1167482,20921,0.8726064614982155,0.8882433619223798,-0.0027916795991272947,-0.00245301609578652
2025-10-03,rewarded,388048,352950,2335,0.9095524265039376,0.9155697233331959,0.0012946481463614878,-3.114569536866174e-05
2025-10-04,interstitial,1294122,1129032,19553,0.8724308836415732,0.88753996918374,-0.00017557785664235048,-0.0007033927386398409
2025-10-04,rewarded,382424,348673,2063,0.9117445557810179,0.9171390916888061,0.0021921292770802348,0.0015693683556102789
2025-10-05,interstitial,1350151,1181294,20140,0.874934729522846,0.8898515795640636,0.002503845881272837,0.00231161038032357
2025-10-05,rewarded,404177,369870,2265,0.9151188711876233,0.9207228516219379,0.003374315406605377,0.0035837599331317582
2025-10-06,interstitial,1286946,1123939,20826,0.8733381198589529,0.8895206170266662,-0.0015966096638930782,-0.00033096253739739456
2025-10-06,rewarded,387541,353985,2482,0.9134130324275367,0.9198175160821693,-0.0017058387600865643,-0.0009053355397685703
2025-10-07,interstitial,1267342,1107780,18676,0.8740971261111838,0.8888334798341726,0.0007590062522309093,-0.000687137192493581
2025-10-07,rewarded,375264,342275,2370,0.9120912211136694,0.9184067749637589,-0.001321811313867327,-0.0014107411184104413
2025-10-08,interstitial,1221446,1065198,19210,0.8720794861172741,0.8878067470850124,-0.0020176399939096923,-0.0010267327491602085
2025-10-08,rewarded,366561,334417,2300,0.9123092745818567,0.9185838100616268,0.0002180534681873736,0.00017703509786792804
2025-10-09,interstitial,1150337,1004817,18342,0.8734979401688375,0.88944283283942,0.0014184540515633781,0.0016360857544076568
2025-10-09,rewarded,350106,318818,2456,0.9106327797866932,0.917647798095434,-0.001676494795163519,-0.0009360119661928623
2025-10-10,interstitial,1153105,1005296,18659,0.8718165301512004,0.887998057418882,-0.0016814100176371083,-0.0014447754205380026
2025-10-10,rewarded,352346,320071,2584,0.9083996980241013,0.9157333984208704,-0.0022330817625919597,-0.0019143996745635272
2025-10-11,interstitial,1187985,1040726,17574,0.8760430476815785,0.8908361637562764,0.00422651753037806,0.0028381063373943416
2025-10-11,rewarded,361899,329326,1910,0.9099942249080545,0.9152719405137898,0.001594526883953229,-0.0004614579070806313
2025-10-12,interstitial,1231388,1074452,20568,0.872553573690827,0.8892566762060374,-0.0034894739907515016,-0.001579487550238956
2025-10-12,rewarded,377898,345237,2537,0.913571916231364,0.920285368009357,0.0035776913233095398,0.005013427495567213
2025-10-13,interstitial,1193754,1044991,18059,0.8753821976722173,0.89051010509703,0.002828623981390277,0.0012534288909925584
2025-10-13,rewarded,369150,336977,2177,0.9128457266693756,0.9187430583773534,-0.000726189561988444,-0.0015423096320036356
2025-10-14,interstitial,1165315,1015078,18639,0.8710760609792202,0.887070877831316,-0.004306136692997065,-0.0034392272657139955
2025-10-14,rewarded,361879,330727,2176,0.913915977439973,0.9199290370538219,0.001070250770597414,0.0011859786764685243
2025-10-15,interstitial,1110207,970551,16361,0.8742072424331678,0.888944133841707,0.00313118145394764,0.0018732560103910112
2025-10-15,rewarded,352001,322154,2006,0.915207627251059,0.9209064746975151,0.001291649811085982,0.0009774376436931798
2025-10-16,interstitial,1080282,945820,15993,0.8755306484788231,0.89033511620114,0.0013234060456552843,0.001390982359433024
2025-10-16,rewarded,342615,313957,2030,0.91635509245071,0.9222801103279191,0.001147465199651032,0.0013736356304040465
2025-10-17,interstitial,1111330,971460,17228,0.8741417940665689,0.8896439401437917,-0.0013888544122542257,-0.0006911760573483638
2025-10-17,rewarded,355919,325753,2297,0.9152447607461248,0.9216984763387175,-0.001110331704585188,-0.0005816339892016353
2025-10-18,interstitial,1115918,974313,18584,0.8731044754184447,0.8897580288157374,-0.0010373186481241747,0.00011408867194573347
2025-10-18,rewarded,354286,324756,2136,0.9166492607667251,0.9226782881626708,0.00140450002060033,0.000979811823953347
2025-10-19,interstitial,1170700,1023052,19352,0.8738805842658238,0.8904108652942684,0.0007761088473791089,0.0006528364785309826
2025-10-19,rewarded,371541,341409,2030,0.9188999329818244,0.9243636637679287,0.0022506722150992253,0.0016853756052578328
2025-10-20,interstitial,1124228,979452,18033,0.8712218517951874,0.8872621923666729,-0.0026587324706364157,-0.003148672927595464
2025-10-20,rewarded,358387,328864,2127,0.9176225700150954,0.9235574951100347,-0.0012773629667289788,-0.0008061686578939575
2025-10-21,interstitial,1133161,993280,17828,0.8765568176102072,0.892289798184018,0.005334965815019799,0.005027605817345071
2025-10-21,rewarded,364515,334521,2498,0.917715320357187,0.9245682619370945,9.275034209155208e-05,0.0010107668270598058
2025-10-22,interstitial,1075398,941909,17566,0.8758701429610246,0.8922045605440962,-0.0006866746491825948,-8.523763992174249e-05
2025-10-22,rewarded,342328,314205,2203,0.9178477950970999,0.9242831436517025,0.00013247473991295777,-0.00028511828539201645
2025-10-23,interstitial,1112256,973161,17828,0.8749433583635422,0.8909720424075033,-0.0009267845974824107,-0.001232518136592975
2025-10-23,rewarded,356499,326723,2411,0.9164766240578515,0.9232396163804106,-0.0013711710392484422,-0.0010435272712918664
2025-10-24,interstitial,1133501,989580,17625,0.873029666493457,0.8885788367191559,-0.0019136918700851657,-0.002393205688347333
2025-10-24,rewarded,354791,323809,2337,0.9126753497129296,0.9192623262709595,-0.0038012743449218345,-0.003977290109451137
2025-10-25,interstitial,1115718,974831,17346,0.8737252603256378,0.8892721996059936,0.0006955938321807631,0.000693362886837634
2025-10-25,rewarded,352068,322353,2013,0.9155986911619346,0.9213163366167899,0.002923341449004968,0.002054010345830415
2025-10-26,interstitial,1171318,1024952,18229,0.8750416197821599,0.8906044302230479,0.001316359456522087,0.0013322306170543419
2025-10-26,rewarded,377419,346231,2315,0.9173650505141501,0.9234988169646997,0.0017663593522154741,0.0021824803479097987
2025-10-27,interstitial,1132036,988627,17455,0.8733176330081376,0.8887367539548212,-0.0017239867740223014,-0.0018676762682267034
2025-10-27,rewarded,362501,331570,2673,0.9146733388321687,0.922047111594175,-0.002691711681981346,-0.0014517053705247474
2025-10-28,interstitial,1109133,969011,15856,0.8736652863092162,0.8879611372125795,0.0003476533010786653,-0.0007756167422416915
2025-10-28,rewarded,350552,320014,2349,0.9128859627102398,0.9195868230676191,-0.0017873761219289186,-0.002460288526555887
2025-10-29,interstitial,1016674,887286,14403,0.8727340327381246,0.8869008157973942,-0.0009312535710916947,-0.0010603214151853058
2025-10-29,rewarded,317018,289876,2122,0.9143834104057182,0.9210770366351437,0.0014974476954784377,0.0014902135675246564
2025-10-30,interstitial,1021926,892970,14679,0.8738108238757014,0.8881748776330184,0.0010767911375768602,0.001274061835624174
2025-10-30,rewarded,320999,293510,1949,0.9143642192031751,0.9204358892083776,-1.9191202543122898e-05,-0.000641147426766131
2025-10-31,interstitial,1000146,870600,14853,0.8704729109550006,0.8853237427335608,-0.0033379129207008473,-0.0028511348994575414
2025-10-31,rewarded,308414,281503,2066,0.9127439091610627,0.9194426971538256,-0.0016203100421123828,-0.0009931920545519501
2025-11-01,interstitial,1031364,896116,15826,0.8688649206293801,0.884209648581878,-0.001607990325620423,-0.0011140941516828429
2025-11-01,rewarded,317288,288784,2291,0.910163636822067,0.9173842061470966,-0.002580272338995715,-0.0020584910067290574
2025-11-02,interstitial,1087294,947806,15934,0.8717108712087072,0.8863656012081369,0.0028459505793270168,0.0021559526262588946
2025-11-02,rewarded,345933,316407,2373,0.9146482122260668,0.9215079220542707,0.004484575403999824,0.004123715907174086
2025-11-03,interstitial,1004173,876280,14022,0.8726384796245269,0.8866022089819184,0.0009276084158197362,0.00023660777378153863
2025-11-03,rewarded,320908,293625,2097,0.9149818639610107,0.9215164470814066,0.0003336517349438184,8.525027135886099e-06
2025-11-04,interstitial,1012455,884691,15092,0.8738077247877684,0.8887140663041814,0.0011692451632414613,0.0021118573222629333
2025-11-04,rewarded,318660,290989,2319,0.9131645013494006,0.9204418502479131,-0.0018173626116100294,-0.0010745968334934242
2025-11-05,interstitial,1027935,897011,14602,0.8726339700467443,0.8868391483897328,-0.0011737547410241023,-0.001874917914448604
2025-11-05,rewarded,324206,296528,2168,0.9146283535776636,0.9213154599236288,0.0014638522282629518,0.000873609675715703
2025-11-06,interstitial,984405,860701,13568,0.874336274196088,0.8881192192237951,0.001702304149343692,0.0012800708340623412
2025-11-06,rewarded,314187,287687,1935,0.9156553262865745,0.9218140788765926,0.0010269727089109448,0.0004986189529637697
2025-11-07,interstitial,938791,822680,14516,0.8763185842216212,0.8917810247435265,0.001982310025533285,0.003661805519731387
2025-11-07,rewarded,301781,276281,2342,0.9155016386054788,0.9232622332088501,-0.0001536876810956933,0.001448154332257534
2025-11-08,interstitial,917863,803768,14066,0.8756949566547513,0.8910196837654422,-0.0006236275668699554,-0.000761340978084335
2025-11-08,rewarded,297406,272369,2265,0.9158154173083259,0.9234312690396294,0.00031377870284710063,0.00016903583077920725
2025-11-09,interstitial,940063,822621,13380,0.875070075090712,0.8893031637241334,-0.0006248815640392813,-0.0017165200413087334
2025-11-09,rewarded,311155,285024,2274,0.9160193472706529,0.9233276019990038,0.00020392996232698746,-0.00010366704062558796
2025-11-10,interstitial,919545,805702,12984,0.8761963797312802,0.8903164064836414,0.0011263046405681765,0.0010132427595079818
2025-11-10,rewarded,301899,276912,2398,0.9172339093537905,0.9251769631565524,0.001214562083137527,0.0018493611575486346
2025-11-11,interstitial,926236,810517,12992,0.8750653181262659,0.8890919808774438,-0.0011310616050143052,-0.001224425606197621
2025-11-11,rewarded,303478,277582,2632,0.9146692676240122,0.9233420544487574,-0.0025646417297782165,-0.0018349087077950132
2025-11-12,interstitial,884929,773628,12858,0.8742260678540312,0.8887560470953036,-0.0008392502722346373,-0.0003359337821401409
2025-11-12,rewarded,292472,267743,2440,0.9154483164200333,0.9237909953773352,0.0007790487960210868,0.0004489409285778345
2025-11-13,interstitial,824389,719082,11738,0.8722605469020086,0.8864989707528849,-0.0019655209520226258,-0.0022570763424187845
2025-11-13,rewarded,271802,248439,2219,0.9140440467693395,0.922208077939088,-0.0014042696506938457,-0.0015829174382472333
2025-11-14,interstitial,788145,686621,11566,0.8711861396062908,0.8858611042384332,-0.0010744072957178386,-0.0006378665144516349
2025-11-14,rewarded,260201,237663,2309,0.9133823467242632,0.9222562557407543,-0.0006617000450762633,4.8177801666327014e-05
2025-11-15,interstitial,873771,760448,13539,0.8703058352817844,0.88580074184197,-0.0008803043245063646,-6.0362396463231605e-05
2025-11-15,rewarded,283363,258740,2235,0.9131043925988925,0.9209918020348458,-0.000277954125370683,-0.0012644537059085525
2025-11-16,interstitial,935711,817976,13043,0.8741758940527578,0.888115026968797,0.0038700587709733503,0.002314285126826965
2025-11-16,rewarded,304504,278698,2249,0.9152523447967843,0.9226381262643512,0.002147952197891767,0.0016463242295053915
2025-11-17,interstitial,907106,790658,14351,0.8716269101957214,0.8874475529871922,-0.002548983857036391,-0.0006674739816047159
2025-11-17,rewarded,290792,264978,2820,0.9112286445294231,0.9209262978348786,-0.004023700267361208,-0.001711828429472595
2025-11-18,interstitial,908441,789233,14924,0.8687773889553642,0.8852055334358533,-0.0028495212403572,-0.0022420195513389585
2025-11-18,rewarded,288140,262205,2989,0.9099916707156244,0.9203651002984661,-0.0012369738137987252,-0.0005611975364124833
2025-11-19,interstitial,853531,739640,15966,0.8665648933664976,0.8852707165879153,-0.002212495588866603,6.518315206205383e-05
2025-11-19,rewarded,273549,247859,3593,0.9060862953255175,0.9192210536320732,-0.0039053753901068244,-0.001144046666392895
2025-11-20,interstitial,820481,711131,15964,0.866724518910249,0.8861813984723595,0.00015962554375148486,0.0009106818844442088
2025-11-20,rewarded,261134,236418,3160,0.9053512755903099,0.9174523424755107,-0.0007350197352076204,-0.001768711156562519
2025-11-21,interstitial,857326,738113,16532,0.8609478774701805,0.8802310906236368,-0.0057766414400685084,-0.005950307848722747
2025-11-21,rewarded,268615,242436,3643,0.9025408111981833,0.9161029726560319,-0.0028104643921266215,-0.0013493698194787518
2025-11-22,interstitial,898551,775775,17444,0.8633622354212505,0.8827757133429266,0.002414357951069923,0.0025446227192897908
2025-11-22,rewarded,284819,257646,3437,0.9045955501564151,0.9166628630814658,0.0020547389582318276,0.0005598904254339176
2025-11-23,interstitial,957471,827815,18702,0.8645849325984808,0.8841176390720972,0.0012226971772303363,0.0013419257291705788
2025-11-23,rewarded,306308,277660,3696,0.9064732230304138,0.9185395092521254,0.0018776728739986481,0.0018766461706595239
2025-11-24,interstitial,931298,806015,17453,0.8654748533766851,0.8842153639329194,0.0008899207782042673,9.772486082226806e-05
2025-11-24,rewarded,299618,271990,3144,0.9077892516470973,0.9182826131941338,0.0013160286166835622,-0.00025689605799150694
2025-11-25,interstitial,915605,795233,16114,0.8685328280208169,0.8861321202920474,0.0030579746441318223,0.0019167563591279135
2025-11-25,rewarded,295686,269149,2771,0.9102527681391747,0.9196241959375825,0.0024635164920773223,0.0013415827434486438
2025-11-26,interstitial,916115,795613,15252,0.8684641120383358,0.8851126769019173,-6.871598248103794e-05,-0.0010194433901300481
2025-11-26,rewarded,298160,271059,2694,0.9091058492084787,0.9181412664341293,-0.0011469189306959615,-0.0014829295034531897
2025-11-27,interstitial,917249,796492,15730,0.8683487253733719,0.8854978310142612,-0.00011538666496391237,0.0003851541123438551
2025-11-27,rewarded,298663,271561,2829,0.9092555823788016,0.9187277968814349,0.00014973317032285216,0.000586530447305611
2025-11-28,interstitial,910456,791148,16010,0.8689579727081814,0.8865425676803712,0.0006092473348094929,0.0010447366661100466
2025-11-28,rewarded,298103,270903,2544,0.9087563694427765,0.9172903325360697,-0.0004992129360250619,-0.0014374643453651803
2025-11-29,interstitial,923359,801891,15829,0.8684498661950553,0.8855927109607422,-0.0005081065131261608,-0.0009498567196289942
2025-11-29,rewarded,301217,273818,2682,0.9090389984629021,0.9179428783899979,0.0002826290201256576,0.0006525458539281548
2025-11-30,interstitial,977074,846155,15377,0.866009125204437,0.8817469301199296,-0.0024407409906183064,-0.0038457808408126626
2025-11-30,rewarded,318205,288630,3047,0.9070567715780707,0.9166323596423689,-0.001982226884831406,-0.001310518747628997
2025-12-01,interstitial,969415,841501,13042,0.8680503190068237,0.8815037935249609,0.002041193802386765,-0.00024313659496866258
2025-12-01,rewarded,309385,281493,1862,0.9098469544418766,0.9158653457666015,0.0027901828638058346,-0.0007670138757673861
2025-12-02,interstitial,950551,826014,11247,0.8689844100947766,0.8808164948540372,0.0009340910879528375,-0.0006872986709236528
2025-12-02,rewarded,308537,280859,2087,0.9102927687765162,0.9170569494096332,0.00044581433463963815,0.0011916036430317245
2025-12-03,interstitial,975398,846926,12506,0.8682876118261469,0.8811090447181561,-0.0006967982686296725,0.00029254986411886286
2025-12-03,rewarded,314483,286489,1997,0.9109840595517087,0.9173341643268476,0.0006912907751924768,0.0002772149172143301
2025-12-04,interstitial,991781,865386,13656,0.8725575505076222,0.8863267193059758,0.004269938681475294,0.005217674587819743
2025-12-04,rewarded,314667,286521,2090,0.9105530608548085,0.9171950029713951,-0.00043099869690021997,-0.000139161355452444
2025-12-05,interstitial,943547,823504,12842,0.8727747531389534,0.8863850979336483,0.00021720263133118145,5.837862767243962e-05
2025-12-05,rewarded,298501,271612,2311,0.9099198997658299,0.9176619173805113,-0.0006331610889785955,0.0004669144091161703
2025-12-06,interstitial,990445,860665,16542,0.8689679891361963,0.8856695727677963,-0.003806764002757035,-0.0007155251658519379
2025-12-06,rewarded,315005,286019,2933,0.9079824129775718,0.9172933762956144,-0.0019374867882581137,-0.00036854108489692283
2025-12-07,interstitial,1092251,956228,15091,0.8754654378892763,0.8892818592063546,0.006497448753080004,0.0036122864385582654
2025-12-07,rewarded,345613,315958,2558,0.9141959359167624,0.9215972778801723,0.006213522939190641,0.0043039015845579565
2025-12-08,interstitial,1100406,974923,17512,0.88596663413322,0.9018807603738984,0.010501196243943633,0.012598901167543808
2025-12-08,rewarded,350821,323319,3250,0.921606745320263,0.9308707289472409,0.0074108094035005845,0.009273451067068561
2025-12-09,interstitial,1089355,981103,14314,0.9006274355008239,0.9137673210294165,0.014660801367603948,0.011886560655518075
2025-12-09,rewarded,343690,320284,2555,0.9318979312752771,0.9393319561232506,0.010291185955014104,0.008461227176009722
2025-12-10,interstitial,1109078,1000446,15200,0.9020519747033121,0.9157570522542148,0.0014245392024881953,0.0019897312247982857
2025-12-10,rewarded,351190,327695,3008,0.9330988923374811,0.9416640564936359,0.00120096106220402,0.002332100370385337
2025-12-11,interstitial,1116727,1010327,13343,0.9047215657900275,0.9166698754485205,0.002669591086715384,0.0009128231943057452
2025-12-11,rewarded,350294,327228,3046,0.934152454795115,0.9428480076735543,0.0010535624576338831,0.0011839511799183189
2025-12-12,interstitial,1154156,1041366,16197,0.9022749091110733,0.9163085406132273,-0.002446656678954162,-0.0003613348352932144
2025-12-12,rewarded,355223,330581,4436,0.9306294918966396,0.9431174220137772,-0.0035229628984754235,0.00026941434022298427
2025-12-13,interstitial,1176248,1064330,16059,0.9048516979412505,0.9185044310383524,0.0025767888301772013,0.0021958904251251354
2025-12-13,rewarded,365380,340943,4008,0.9331189446603536,0.9440883463791122,0.0024894527637140396,0.0009709243653349686
2025-12-14,interstitial,1279035,1159400,14524,0.9064646393570153,0.9178200752911374,0.0016129414157647348,-0.0006843557472150374
2025-12-14,rewarded,401441,376302,3073,0.9373780954112808,0.9450330185506712,0.004259150750927199,0.0009446721715590245
2025-12-15,interstitial,1242285,1145419,14850,0.9220259441271528,0.9339797228494267,0.015561304770137507,0.016159647558289247
2025-12-15,rewarded,382892,362543,3224,0.9468544654889629,0.9552745944025992,0.009476370077682095,0.010241575851927975
2025-12-16,interstitial,1272608,1193287,15841,0.9376705159797832,0.9501181825039604,0.015644571852630462,0.016138459654533754
2025-12-16,rewarded,390651,376193,2776,0.9629899833867058,0.9700960704055538,0.016135517897742924,0.014821476002954581
2025-12-17,interstitial,1295254,1224745,15157,0.9455635728590686,0.9572655247542181,0.00789305687928532,0.007147342250257704
2025-12-17,rewarded,393715,381659,2546,0.9693788654229583,0.9758454719784616,0.00638888203625243,0.00574940157290782
2025-12-18,interstitial,1277412,1213929,14308,0.9503034259894224,0.9615041975494202,0.004739853130353855,0.00423867279520207
2025-12-18,rewarded,394169,383654,2732,0.9733236251455594,0.9802546623402653,0.00394475972260111,0.00440919036180365
2025-12-19,interstitial,1298761,1235465,14478,0.9512643203791922,0.9624118679264314,0.0009608943897697619,0.0009076703770112271
2025-12-19,rewarded,397476,388194,2430,0.9766476466503637,0.9827612233191438,0.0033240215048043753,0.0025065609788785803
2025-12-20,interstitial,1295282,1235025,14043,0.9534796283743617,0.9643212829329829,0.0022153079951695576,0.001909415006551507
2025-12-20,rewarded,400701,391915,2433,0.9780734263203735,0.9841452853873587,0.0014257796700097858,0.001384062068214842
2025-12-21,interstitial,1374755,1313752,15302,0.9556262752272223,0.9667569857901953,0.0021466468528605898,0.002435702857212396
2025-12-21,rewarded,433759,423952,2690,0.9773906708563972,0.9835922712842846,-0.0006827554639763367,-0.0005530141030740676
2025-12-22,interstitial,1336305,1276874,14799,0.9555258717134187,0.9666004392709748,-0.00010040351380358192,-0.00015654651922047957
2025-12-22,rewarded,413772,404589,2842,0.977806618137525,0.9846751350985566,0.0004159472811278153,0.0010828638142720282
2025-12-23,interstitial,1331034,1271947,14942,0.9556081963345789,0.9668340553284138,8.232462116020134e-05,0.00023361605743899005
2025-12-23,rewarded,415500,407022,2524,0.979595667870036,0.9856702767749699,0.0017890497325110388,0.000995141676413236
2025-12-24,interstitial,1266090,1211123,13891,0.9565852348569217,0.9675568087576712,0.0009770385223427658,0.0007227534292574278
2025-12-24,rewarded,395615,387654,2594,0.9798769005219721,0.986433780316722,0.0002812326519360253,0.0007635035417521419
2025-12-25,interstitial,1391207,1335228,14525,0.9597622783669145,0.970202852630845,0.0031770435099928163,0.002646043873173798
2025-12-25,rewarded,438289,430304,2800,0.9817814273230676,0.9881699061578091,0.0019045268010955407,0.0017361258410870661
2025-12-26,interstitial,1436987,1378802,16789,0.9595090282653914,0.9711925020894413,-0.0002532501015231059,0.0009896494585962534
2025-12-26,rewarded,474801,466113,2951,0.9817018077047015,0.9879170431401787,-7.961961836611131e-05,-0.0002528630176303892
2025-12-27,interstitial,1436177,1381439,16139,0.9618863134557927,0.9731237862742544,0.002377285190401257,0.0019312841848131423
2025-12-27,rewarded,479193,470622,3077,0.9821136786221836,0.9885348909520798,0.00041187091748207116,0.0006178478119011066
2025-12-28,interstitial,1515820,1457644,17170,0.9616207729149899,0.9729479753532742,-0.0002655405408027445,-0.0001758109209802905
2025-12-28,rewarded,512883,504262,2848,0.9831910981646886,0.9887440215409752,0.0010774195425050648,0.00020913058889537872
2025-12-29,interstitial,1436706,1380318,16733,0.9607518866072808,0.9723986675074789,-0.0008688863077090936,-0.0005493078457952105
2025-12-29,rewarded,487162,478929,2729,0.9831000775922588,0.9887019102475152,-9.102057242982298e-05,-4.2111293459989874e-05
2025-12-30,interstitial,1414378,1359628,16119,0.9612904046867244,0.9726869337616959,0.0005385180794436062,0.0002882662542169623
2025-12-30,rewarded,468577,460402,3030,0.9825535611009504,0.9890199476286715,-0.0005465164913084353,0.00031803738115632196
2025-12-31,interstitial,1280241,1230874,14285,0.9614392915083957,0.9725973469057779,0.00014888682167124578,-8.958685591797799e-05
2025-12-31,rewarded,413805,406459,2490,0.9822476770459516,0.9882650040478003,-0.0003058840549987618,-0.0007549435808712479
2026-01-01,interstitial,1547677,1487673,18320,0.961229636416384,0.9730667316242343,-0.00020965509201165133,0.0004693847184563671
2026-01-01,rewarded,500594,492393,3033,0.9836174624546039,0.989676264597658,0.001369785408652291,0.0014112605498577402
2026-01-02,interstitial,1635749,1570972,20210,0.9603991810479481,0.9727543773525156,-0.0008304553684359561,-0.00031235427171871777
2026-01-02,rewarded,534311,526198,3060,0.9848159592447095,0.9905429609347365,0.001198496790105641,0.0008666963370784764
2026-01-03,interstitial,1648476,1585460,19144,0.961773177164848,0.9733863277354357,0.0013739961168999226,0.0006319503829200768
2026-01-03,rewarded,541353,533565,3008,0.9856138231431247,0.9911702715233868,0.0007978638984151853,0.0006273105886502872
2026-01-04,interstitial,1706288,1644680,18764,0.9638935513817128,0.9748905225846984,0.00212037421686484,0.0015041948492627855
2026-01-04,rewarded,570929,562167,3489,0.9846530829577759,0.9907641755805012,-0.0009607401853488629,-0.0004060959428855426
2026-01-05,interstitial,1523799,1465075,17365,0.9614621088476892,0.972857968800347,-0.002431442534023609,-0.0020325537843514097
2026-01-05,rewarded,521276,513137,3249,0.98438639031914,0.9906191729525242,-0.0002666926386358792,-0.0001450026279770089
2026-01-06,interstitial,1525709,1469986,17182,0.9634773079270031,0.9747389574289723,0.002015199079313912,0.0018809886286252908
2026-01-06,rewarded,524506,516496,3181,0.9847284873766935,0.9907932416407057,0.00034209705755350317,0.00017406868818148347
2026-01-07,interstitial,1484887,1428578,17285,0.9620785958796865,0.9737192123036972,-0.0013987120473166748,-0.00101974512527514
2026-01-07,rewarded,513912,506158,3181,0.98491181369573,0.9911015893771696,0.0001833263190365031,0.000308347736463932
2026-01-08,interstitial,1482548,1427467,15474,0.9628470713933039,0.9732845074830629,0.0007684755136174726,-0.0004347048206342352
2026-01-08,rewarded,516423,508198,3348,0.984073133845704,0.9905561913392703,-0.0008386798500259474,-0.0005453980378993251
2026-01-09,interstitial,1463912,1409920,16018,0.9631180016285132,0.9740599161698245,0.00027093023520929904,0.000775408686761514
2026-01-09,rewarded,506023,498237,3245,0.9846133476146341,0.9910260996041682,0.0005402137689300979,0.0004699082648979003
2026-01-10,interstitial,1505584,1451578,16683,0.9641295337888819,0.9752102838499878,0.0010115321603686445,0.0011503676801633
2026-01-10,rewarded,534970,527285,3078,0.9856347084883265,0.991388302147784,0.0010213608736923119,0.00036220254361574167
2026-01-11,interstitial,1531603,1475996,17245,0.963693594227747,0.9749530393972851,-0.0004359395611348571,-0.00025724445270269847
2026-01-11,rewarded,559336,550579,3749,0.9843439363817097,0.9910465265958207,-0.0012907721066167666,-0.0003417755519632415
2026-01-12,interstitial,1438232,1385093,16013,0.9630525534128013,0.9741863621446332,-0.0006410408149457592,-0.0007666772526518928
2026-01-12,rewarded,518176,510236,3705,0.9846770209349719,0.991827101216575,0.0003330845532621973,0.0007805746207543152
2026-01-13,interstitial,1420566,1367921,16216,0.9629408278108866,0.9743559961311196,-0.00011172560191463621,0.00016963398648639494
2026-01-13,rewarded,513191,505229,3471,0.98448530858881,0.9912488722522413,-0.00019171234616188748,-0.0005782289643336824
2026-01-14,interstitial,1420145,1367863,16527,0.9631854493731274,0.9748229934267275,0.0002446215622408099,0.00046699729560795156
2026-01-14,rewarded,511843,503665,3491,0.9840224443823594,0.9908428951846562,-0.0004628642064505861,-0.0004059770675851615
2026-01-15,interstitial,1355340,1304278,15662,0.962325320583765,0.9738810925671787,-0.0008601287893624798,-0.0009419008595488165
2026-01-15,rewarded,494853,487447,3390,0.9850339393718943,0.9918844586170035,0.0010114949895349001,0.0010415634323472922
2026-01-16,interstitial,1377727,1326607,15843,0.9628954067097473,0.9743947821302769,0.0005700861259823053,0.000513689563098163
2026-01-16,rewarded,497881,490037,3551,0.9842452312902079,0.9913774576655867,-0.0007887080816864067,-0.0005070009514167584
2026-01-17,interstitial,1414391,1365516,14450,0.9654444916575402,0.9756609028196588,0.0025490849477929345,0.0012661206893819221
2026-01-17,rewarded,509231,501293,3302,0.9844117895414851,0.9908960766331979,0.00016655825127720458,-0.0004813810323888168
2026-01-18,interstitial,1536601,1481118,16969,0.9638923832536879,0.9749355883537756,-0.001552108403852337,-0.0007253144658831978
2026-01-18,rewarded,562691,553944,3413,0.9844550561498229,0.9905205521325203,4.326660833775531e-05,-0.00037552450067757093
2026-01-19,interstitial,1446340,1395108,16304,0.9645781766389646,0.9758507681458025,0.000685793385276745,0.0009151797920269322
2026-01-19,rewarded,525769,517641,3725,0.9845407393741358,0.9916255998356692,8.568322431290465e-05,0.001105047703148898
2026-01-20,interstitial,1459341,1407283,15884,0.9643277342307247,0.9752120991598262,-0.0002504424082399037,-0.0006386689859763095
2026-01-20,rewarded,530853,521539,3801,0.9824546531714052,0.989614827456942,-0.0020860862027305416,-0.0020107723787272658
2026-01-21,interstitial,1478183,1427082,15413,0.9654298554373849,0.9758568458709105,0.0011021212066602004,0.0006447467110842764
2026-01-21,rewarded,538835,529893,3791,0.9834049384319875,0.9904404873477038,0.0009502852605822731,0.0008256598907618873
2026-01-22,interstitial,1522299,1468368,15818,0.9645726627948912,0.9749635255623238,-0.0008571926424937315,-0.000893320308586687
2026-01-22,rewarded,548202,538960,3876,0.9831412508527878,0.9902116373161718,-0.00026368757919970065,-0.0002288500315320574
2026-01-23,interstitial,1417334,1368020,14474,0.9652065074287359,0.9754186380909511,0.000633844633844749,0.00045511252862728835
2026-01-23,rewarded,525392,515907,4055,0.9819468130462587,0.989664859761854,-0.0011944378065290584,-0.0005467775543177567
2026-01-24,interstitial,1542849,1489476,17114,0.9654062063105333,0.976498672261511,0.00019969888179738327,0.001080034170559907
2026-01-24,rewarded,578897,569113,4352,0.9830988932400755,0.9906166381929773,0.0011520801938167402,0.0009517784311232624
2026-01-25,interstitial,1628231,1573835,16292,0.9665919639166678,0.9765979151606866,0.0011857576061344854,9.924289917562223e-05
2026-01-25,rewarded,618028,608251,3883,0.9841803283993605,0.9904632152588556,0.001081435159285049,-0.00015342293412168306
2026-01-26,interstitial,1519085,1466350,16269,0.9652850235503609,0.9759947600035548,-0.0013069403663068524,-0.0006031551571318294
2026-01-26,rewarded,574448,564753,4102,0.9831229284460908,0.9902636966270228,-0.0010573999532696998,-0.00019951863183276242
2026-01-27,interstitial,1497931,1442316,17703,0.9628721216130783,0.974690422990111,-0.0024129019372826077,-0.0013043370134437904
2026-01-27,rewarded,570868,559760,4903,0.9805419116152946,0.9891305871059509,-0.0025810168307962567,-0.0011331095210719289
2026-01-28,interstitial,1538733,1482730,16639,0.9636044719909173,0.974417913959082,0.0007323503778389195,-0.00027250903102904456
2026-01-28,rewarded,581078,570039,4613,0.9810025504321279,0.9889412436884549,0.0004606388168333364,-0.0001893434174959907
2026-01-29,interstitial,1604357,1546798,17801,0.9641233216796511,0.9752187324890906,0.0005188496887338356,0.0008008185300086845
2026-01-29,rewarded,595704,584544,5272,0.9812658635832561,0.9901158964855029,0.0002633131511281528,0.0011746527970479814
2026-01-30,interstitial,1593301,1537659,16624,0.9650775340001669,0.9755112185330957,0.0009542123205158459,0.0002924860440051136
2026-01-30,rewarded,585414,575227,4657,0.9825986395952266,0.9905536936253659,0.0013327760119705712,0.0004377971398630276
2026-01-31,interstitial,1610463,1554891,16845,0.9654931532112194,0.9759528781474645,0.000415619211052487,0.0004416596143687057
2026-01-31,rewarded,594874,584604,4731,0.9827358398585246,0.9906887845157125,0.0001372002632979985,0.00013509089034657862
2026-02-01,interstitial,1669663,1609173,19559,0.9637711322584258,0.9754854722180464,-0.0017220209527936126,-0.00046740592941807435
2026-02-01,rewarded,621483,610248,5488,0.9819222730147084,0.9907527639533181,-0.0008135668438162824,6.39794376056102e-05
2026-02-02,interstitial,1606257,1535836,28859,0.9561583233567231,0.9741249376656413,-0.007612808901702683,-0.001360534552405035
2026-02-02,rewarded,598681,579315,13138,0.9676522221349935,0.9895971310263729,-0.01427005087971489,-0.0011556329269452048
2026-02-03,interstitial,1628383,1561655,24984,0.9590219254315477,0.9743647532552231,0.0028636020748246116,0.00023981558958174887
2026-02-03,rewarded,600769,585012,9789,0.9737719489520931,0.9900660653262735,0.006119726817099602,0.0004689342999005808
2026-02-04,interstitial,1620852,1551711,29294,0.9573428048952033,0.9754160157744198,-0.0016791205363444472,0.0010512625191967384
2026-02-04,rewarded,588962,573107,10560,0.9730797572678713,0.9910096067318435,-0.0006921916842217435,0.0009435414055699587
2026-02-05,interstitial,1595316,1522347,31805,0.9542604725333413,0.9741969616050989,-0.0030823323618619503,-0.0012190541693208878
2026-02-05,rewarded,575068,555673,14161,0.9662735537362538,0.9908984676594768,-0.0068062035316175384,-0.00011113907236670606
2026-02-06,interstitial,1599091,1524160,32474,0.9531415035166854,0.9734492908783803,-0.0011189690166559796,-0.0007476707267186633
2026-02-06,rewarded,576556,556978,13773,0.9660431944165008,0.9899315938087541,-0.00023035931975301516,-0.0009668738507226937
2026-02-07,interstitial,1658001,1583591,32780,0.955120654330124,0.9748914506082927,0.0019791508134386904,0.0014421597299124622
2026-02-07,rewarded,603557,582509,15171,0.9651267403078748,0.9902627258071731,-0.0009164541086259526,0.00033113199841905416
2026-02-08,interstitial,1772646,1692189,34204,0.9546119191310617,0.9739073678557366,-0.0005087351990623601,-0.0009840827525561258
2026-02-08,rewarded,642402,621239,14711,0.9670564537470306,0.9899564447184162,0.0019297134391558224,-0.0003062810887569656
2026-02-09,interstitial,1676749,1592243,38957,0.9496012820046411,0.9728349323601804,-0.005010637126420581,-0.0010724354955562454
2026-02-09,rewarded,606405,583217,16969,0.9617615290111394,0.9897444777005466,-0.0052949247358912155,-0.00021196701786951877
2026-02-10,interstitial,1646757,1564098,40015,0.9498049803340748,0.9741042546046563,0.00020369832943367694,0.0012693222444759567
2026-02-10,rewarded,605164,581275,18371,0.9605247503156169,0.9908818105505285,-0.0012367786955225224,0.0011373328499818536
2026-02-11,interstitial,1580227,1502349,36356,0.9507172070848049,0.9737240282566998,0.0009122267507301052,-0.000380226347956536
2026-02-11,rewarded,582100,561466,15504,0.9645524823913417,0.9911870812575159,0.004027732075724821,0.0003052707069873817
2026-02-12,interstitial,1581916,1500737,39820,0.9486831159176593,0.9738551225223084,-0.002034091167145591,0.00013109426560864446
2026-02-12,rewarded,579576,557221,17273,0.9614286996010877,0.9912315209739534,-0.0031237827902540483,4.443971643752764e-05
2026-02-13,interstitial,1601755,1514054,45531,0.9452469322711651,0.973672627836342,-0.0034361836464942286,-0.00018249468596642782
2026-02-13,rewarded,590076,562558,21721,0.9533653292118304,0.9901758417559772,-0.008063370389257307,-0.0010556792179762242
2026-02-14,interstitial,1621372,1541134,39737,0.9505122821906385,0.9750205381615077,0.005265349919473472,0.0013479103251656799
2026-02-14,rewarded,591795,569059,16996,0.9615812908186112,0.990300695342137,0.008215961606780842,0.00012485358615987874
2026-02-15,interstitial,1721950,1634530,44991,0.9492319753767531,0.9753599117279829,-0.0012803068138854679,0.00033937356647517625
2026-02-15,rewarded,639718,614828,18903,0.9610922312644009,0.9906411887738035,-0.0004890595542103027,0.0003404934316664221
2026-02-16,interstitial,1685356,1605360,39779,0.9525346573661588,0.9761373858104756,0.0033026819894057535,0.0007774740824927351
2026-02-16,rewarded,623150,600210,17238,0.9631870336195137,0.9908497151568643,0.0020948023551128347,0.00020852638306079196
2026-02-17,interstitial,1696022,1620956,34128,0.9557399609203182,0.9758623414083072,0.0032053035541593777,-0.00027504440216841175
2026-02-17,rewarded,626253,607324,13712,0.9697741966904749,0.9916695009844264,0.006587163070961188,0.0008197858275621472
2026-02-18,interstitial,1653488,1579502,32569,0.9552545890868274,0.9749517383857639,-0.0004853718334908441,-0.0009106030225433104
2026-02-18,rewarded,599857,581442,13435,0.9693010167423236,0.9916980213617579,-0.00047317994815132547,2.852037733147572e-05
2026-02-19,interstitial,1604301,1528387,35461,0.9526809495225647,0.9747846569939183,-0.0025736395642627086,-0.00016708139184562487
2026-02-19,rewarded,594282,574381,14874,0.9665125310879347,0.9915410529008114,-0.002788485654388939,-0.00015696846094648276
2026-02-20,interstitial,1639266,1562425,33475,0.9531247521756688,0.9735454770610749,0.000443802653104175,-0.0012391799328433928
2026-02-20,rewarded,600590,581483,14097,0.9681862834879036,0.9916582027672789,0.0016737523999689197,0.00011714986646749193
2026-02-21,interstitial,1690328,1615833,33204,0.9559286718317391,0.9755721966387588,0.0028039196560702973,0.0020267195776839664
2026-02-21,rewarded,620149,601358,13313,0.9696992174461299,0.9911666389851471,0.0015129339582262702,-0.0004915637821317764
2026-02-22,interstitial,1723977,1647948,33959,0.9558990636185981,0.9755971222353894,-2.9608213141019135e-05,2.4925596630587243e-05
2026-02-22,rewarded,643973,623780,15157,0.9686430952850508,0.9921797963579219,-0.0010561221610790872,0.0010131573727747423
2026-02-23,interstitial,1630112,1559316,31015,0.9565698553228245,0.9755961553561964,0.0006707917042263478,-9.668791930428355e-07
2026-02-23,rewarded,616015,596755,13911,0.9687345275683222,0.9913167698838502,9.143228327146424e-05,-0.0008630264740716598
2026-02-24,interstitial,1637317,1568423,28527,0.9579226258568133,0.9753456416808718,0.0013527705339888563,-0.0002505136753245818
2026-02-24,rewarded,611689,594396,12297,0.9717290976296779,0.9918324508042485,0.002994570061355617,0.0005156809203983315
2026-02-25,interstitial,1555644,1486570,29019,0.9555978102959289,0.9742518211107426,-0.0023248155608843746,-0.0010938205701291892
2026-02-25,rewarded,584090,566185,13380,0.9693454775805098,0.9922529062302042,-0.0023836200491680337,0.0004204554259557014
2026-02-26,interstitial,1556206,1488970,28422,0.9567949230371815,0.9750585719371343,0.0011971127412525595,0.0008067508263917
2026-02-26,rewarded,585886,568691,12595,0.9706512871104618,0.9921486432514175,0.0013058095299519623,-0.00010426297878673996
2026-02-27,interstitial,1557441,1492574,26956,0.9583502681642515,0.9756581469217774,0.001555345127070007,0.0005995749846431364
2026-02-27,rewarded,589350,571755,12436,0.9701450750827183,0.9912462882837024,-0.0005062120277434801,-0.0009023549677150688
2026-02-28,interstitial,1549570,1494437,20013,0.9644204521254284,0.9773356479539486,0.006070183961176867,0.0016775010321711248
2026-02-28,rewarded,595493,582375,8058,0.9779711936160459,0.9915028388243019,0.007826118533327597,0.00025655054059947613
2026-03-01,interstitial,1662020,1599964,23395,0.9626623024993682,0.976738547069229,-0.0017581496260601348,-0.0005971008847195369
2026-03-01,rewarded,640039,624188,10411,0.975234321658524,0.9915005179371882,-0.0027368719575219247,-2.3208871137159193e-06
2026-03-02,interstitial,1622290,1559721,23415,0.961431679909264,0.9758649809836712,-0.0012306225901042023,-0.0008735660855577754
2026-03-02,rewarded,617177,601225,10455,0.9741532817976043,0.9910933168280737,-0.0010810398609196747,-0.0004072011091145189
2026-03-03,interstitial,1666228,1600115,25853,0.9603217566863599,0.9758376404669709,-0.0011099232229041522,-2.7340516700391504e-05
2026-03-03,rewarded,633678,617663,10385,0.9747269117753812,0.991115361429622,0.0005736299777768794,2.2044601548310006e-05
2026-03-04,interstitial,1651246,1588811,23071,0.9621891589744956,0.9761610323355817,0.0018674022881357555,0.0003233918686108561
2026-03-04,rewarded,626528,611932,9459,0.9767033556361407,0.9918008452934266,0.001976443860759569,0.0006854838638046257
2026-03-05,interstitial,1652311,1588127,24943,0.9611550125854031,0.9762508389764397,-0.001034146389092494,8.980664085800338e-05
2026-03-05,rewarded,632072,617053,10129,0.9762384665038161,0.9922635395967548,-0.0004648891323246751,0.00046269430332823713
2026-03-06,interstitial,1682641,1612151,30710,0.9581075226385188,0.9763585934254544,-0.0030474899468843075,0.00010775444901467424
2026-03-06,rewarded,644886,628164,11427,0.9740698355988501,0.9917892464714694,-0.0021686309049659958,-0.0004742931252854632
2026-03-07,interstitial,1727601,1661668,25878,0.9618355164184322,0.976814669590953,0.0037279937799133966,0.00045607616549858676
2026-03-07,rewarded,658129,644814,8225,0.97976840406668,0.9922659539391213,0.005698568467829901,0.00047670746765193783
2026-03-08,interstitial,1714373,1651731,24525,0.9634606937930077,0.9777662154035324,0.0016251773745754594,0.0009515458125793907
2026-03-08,rewarded,661175,647411,8483,0.9791825159753469,0.9920127046545922,-0.0005858880913330866,-0.0002532492845290779
2026-03-09,interstitial,1779425,1711379,27232,0.9617595571603187,0.9770633772145496,-0.0017011366326890043,-0.0007028381889827573
2026-03-09,rewarded,696786,681482,9605,0.9780362980886528,0.991821018217932,-0.001146217886694112,-0.00019168643666023222
2026-03-10,interstitial,1747858,1682088,25925,0.9623710850652627,0.9772035256868693,0.0006115279049440092,0.00014014847231968997
2026-03-10,rewarded,695494,680016,10104,0.9777453148409619,0.992273118100228,-0.0002909832476908347,0.0004520998822959976
2026-03-11,interstitial,1730449,1665738,25240,0.9626045032243077,0.9771903130343628,0.00023341815904498464,-1.3212652506533473e-05
2026-03-11,rewarded,688113,672533,10114,0.9773583699188941,0.9920565372257173,-0.00038694492206781117,-0.00021658087451070784
2026-03-12,interstitial,1746909,1680987,25159,0.9622636325074746,0.9766656419996691,-0.000340870716833086,-0.0005246710346936689
2026-03-12,rewarded,692222,676129,10285,0.9767516779299127,0.9916096281250812,-0.0006066919889814448,-0.0004469091006360504
2026-03-13,interstitial,1738020,1670232,26510,0.9609969965823179,0.9762499856158157,-0.001266635925156745,-0.0004156563838534355
2026-03-13,rewarded,682542,667952,8977,0.9786240260672603,0.991776330247809,0.0018723481373476014,0.00016670212272773544
2026-03-14,interstitial,1781769,1714583,25844,0.9622925306254627,0.9767972166986854,0.0012955340431448636,0.0005472310828696925
2026-03-14,rewarded,702042,687323,8760,0.9790340179077605,0.9915119038462087,0.0004099918405001679,-0.00026442640160029285
2026-03-15,interstitial,1884031,1812533,27683,0.9620505182770347,0.976744013235451,-0.00024201234842802233,-5.320346323434144e-05
2026-03-15,rewarded,747618,732056,9438,0.9791845568191242,0.9918086509420586,0.0001505389113637401,0.0002967470958499252
2026-03-16,interstitial,1790005,1723503,26798,0.962848148468859,0.9778190563713509,0.0007976301918243278,0.0010750431358999002
2026-03-16,rewarded,721693,703986,11908,0.9754646366252686,0.9919647273840816,-0.003719920193855586,0.00015607644202297877
2026-03-17,interstitial,1769448,1698878,29573,0.9601175055723593,0.9768306274047047,-0.002730642896499713,-0.0009884289666461932
2026-03-17,rewarded,708363,693074,9689,0.9784164333823195,0.9920944487501465,0.0029517967570509285,0.00012972136606492768
2026-03-18,interstitial,1767582,1694411,29074,0.958603900695979,0.9750523596642192,-0.0015136048763803034,-0.0017782677404855063
2026-03-18,rewarded,696737,680763,9727,0.9770731280239172,0.9910339195420941,-0.0013433053584023247,-0.0010605292080524409
2026-03-19,interstitial,1746216,1674389,28856,0.9588670588289192,0.9753919331858144,0.00026315813294019996,0.0003395735215951934
2026-03-19,rewarded,697517,679994,11034,0.9748780316465405,0.9906970009333106,-0.002195096377376693,-0.00033691860878348745
2026-03-20,interstitial,1695480,1628335,26537,0.9603976455045179,0.9760492603864392,0.0015305866755986886,0.0006573272006248354
2026-03-20,rewarded,678214,663181,9338,0.9778344298407288,0.9916029453830207,0.002956398194188248,0.0009059444497101499
