ab_group,level,survived_users,total_users,survival_rate
A,1,1519642,1519642,1.0
A,2,1477824,1519642,0.972481676605411
A,3,1424305,1519642,0.937263513380125
A,4,1381532,1519642,0.9091167524982858
A,5,1332712,1519642,0.8769907649301611
A,6,1118664,1519642,0.7361365374213137
A,7,1058871,1519642,0.6967897702221971
A,8,963693,1519642,0.6341579135085763
A,9,903506,1519642,0.5945518747178612
A,10,830804,1519642,0.5467103436204054
A,11,765641,1519642,0.50382984939874
A,12,723407,1519642,0.4760377773186053
A,13,695847,1519642,0.45790192690120435
A,14,675997,1519642,0.4448396398625466
A,15,651331,1519642,0.4286081853489177
A,16,621165,1519642,0.4087574573485071
A,17,603236,1519642,0.39695928383132345
A,18,587237,1519642,0.38643114628313774
A,19,567739,1519642,0.37360049274763396
A,20,557303,1519642,0.3667330858188968
A,21,540009,1519642,0.35535277387700526
A,22,518438,1519642,0.3411579832618472
A,23,492114,1519642,0.32383548230438486
A,24,474674,1519642,0.31235909510266235
A,25,454600,1519642,0.2991494049256338
A,26,438823,1519642,0.28876735441636914
A,27,418350,1519642,0.2752951023991177
A,28,409883,1519642,0.26972339537864837
A,29,395060,1519642,0.2599691243069091
A,30,387166,1519642,0.25477447977879003
A,31,378835,1519642,0.24929226752090294
A,32,372472,1519642,0.2451050971215589
A,33,360226,1519642,0.2370466201908081
A,34,350890,1519642,0.23090306795942728
A,35,339660,1519642,0.22351316954914383
A,36,330281,1519642,0.21734132117959362
A,37,319777,1519642,0.21042916686956534
A,38,309020,1519642,0.20335052597914507
A,39,296983,1519642,0.195429581440892
A,40,291953,1519642,0.19211959132479886
A,41,286170,1519642,0.18831408976587907
A,42,280918,1519642,0.18485801261086493
A,43,276280,1519642,0.1818059779869206
A,44,271598,1519642,0.17872498917508203
A,45,268629,1519642,0.17677123954194474
A,46,265549,1519642,0.17474444638934697
A,47,258954,1519642,0.1704046084538332
A,48,253930,1519642,0.1670985666360893
A,49,248175,1519642,0.16331149046946583
A,50,242276,1519642,0.15942965514246119
A,51,237459,1519642,0.15625982961776524
A,52,235175,1519642,0.1547568440461635
A,53,231034,1519642,0.15203186013547929
A,54,223005,1519642,0.1467483788945028
A,55,220318,1519642,0.14498019928377867
A,56,217502,1519642,0.14312713125854643
A,57,207867,1519642,0.13678682215942967
A,58,206104,1519642,0.1356266804944849
A,59,204047,1519642,0.1342730722104285
A,60,202240,1519642,0.13308397635758948
A,61,199576,1519642,0.13133093189053738
A,62,196372,1519642,0.1292225405720558
A,63,193618,1519642,0.12741027162976543
A,64,189024,1519642,0.12438719119371536
A,65,187202,1519642,0.1231882245950033
A,66,185725,1519642,0.12221628515137117
A,67,181235,1519642,0.11926164188670753
A,68,179661,1519642,0.11822587161976307
A,69,178268,1519642,0.11730920835301999
A,70,176196,1519642,0.11594572932309057
A,71,174985,1519642,0.11514883110627372
A,72,173802,1519642,0.1143703582817532
A,73,171849,1519642,0.11308518716908325
A,74,170078,1519642,0.11191978110633952
A,75,168935,1519642,0.11116763027081378
A,76,165216,1519642,0.10872034334402444
A,77,163226,1519642,0.10741082439153432
A,78,162336,1519642,0.10682516013640055
A,79,160546,1519642,0.1056472511288843
A,80,159655,1519642,0.10506092882402567
A,81,158642,1519642,0.10439432445273295
A,82,156190,1519642,0.10278078652735315
A,83,155022,1519642,0.10201218444870568
A,84,153930,1519642,0.10129359414914829
A,85,152755,1519642,0.10052038572242673
A,86,148292,1519642,0.09758350980033455
A,87,146649,1519642,0.09650233410237412
A,88,145334,1519642,0.09563699871417083
A,89,144044,1519642,0.0947881145690893
A,90,143366,1519642,0.09434195685562784
A,91,141776,1519642,0.09329565779308548
A,92,140755,1519642,0.0926237890239938
A,93,138795,1519642,0.09133401156324976
A,94,138044,1519642,0.09083981621987283
A,95,137278,1519642,0.09033575013062287
A,96,135146,1519642,0.08893278811720129
A,97,132973,1519642,0.08750284606506006
A,98,132281,1519642,0.08704747565545043
A,99,131423,1519642,0.08648286899151247
A,100,130726,1519642,0.08602420833327849
A,101,129873,1519642,0.08546289191796488
A,102,128782,1519642,0.08474495966813236
A,103,127689,1519642,0.0840257113188501
A,104,126838,1519642,0.08346571100298623
A,105,126099,1519642,0.08297941225630774
A,106,124843,1519642,0.08215290180187175
A,107,123498,1519642,0.0812678249219224
A,108,122184,1519642,0.080403147583444
A,109,121245,1519642,0.07978523889179162
A,110,120255,1519642,0.0791337696641709
A,111,118897,1519642,0.07824013813779825
A,112,117855,1519642,0.07755445032448433
A,113,115576,1519642,0.07605475500150694
A,114,114210,1519642,0.07515585907733532
A,115,113030,1519642,0.07437936040198942
A,116,111560,1519642,0.07341202730643138
A,117,110080,1519642,0.07243811371362466
A,118,109287,1519642,0.07191628028180322
A,119,108741,1519642,0.07155698513202452
A,120,108041,1519642,0.07109635032461593
A,121,106619,1519642,0.07016060361585162
A,122,104946,1519642,0.0690596864261451
A,123,103931,1519642,0.06839176595540265
A,124,102654,1519642,0.06755143645674441
A,125,101951,1519642,0.06708882750016122
A,126,101173,1519642,0.06657686481421282
A,127,100257,1519642,0.06597409126623244
A,128,99567,1519642,0.06552003695607254
A,129,98972,1519642,0.06512849736977525
A,130,98241,1519642,0.0646474630208957
A,131,97449,1519642,0.06412628763879914
A,132,96853,1519642,0.06373409000277697
A,133,96275,1519642,0.06335373726180245
A,134,95222,1519642,0.06266081090151496
A,135,94555,1519642,0.06222189173502707
A,136,93902,1519642,0.06179218526468734
A,137,92737,1519642,0.061025557335214475
A,138,92237,1519642,0.06069653247277977
A,139,90655,1519642,0.05965549780803637
A,140,89159,1519642,0.05867105541963173
A,141,88716,1519642,0.05837953939151458
A,142,88295,1519642,0.05810250045734456
A,143,87515,1519642,0.05758922167194642
A,144,87101,1519642,0.057316789085850486
A,145,86608,1519642,0.05699237057148986
A,146,85933,1519642,0.056548187007203016
A,147,85448,1519642,0.05622903289064135
A,148,84784,1519642,0.05579208787332806
A,149,84246,1519642,0.05543805712134832
A,150,83833,1519642,0.05516628258497725
A,151,82028,1519642,0.05397850283158796
A,152,81566,1519642,0.0536744838586983
A,153,81093,1519642,0.05336322633883507
A,154,80600,1519642,0.05303880782447445
A,155,79149,1519642,0.052083977673688935
A,156,78461,1519642,0.05163123946297878
A,157,77937,1519642,0.05128642140714721
A,158,76858,1519642,0.05057638575401312
A,159,76328,1519642,0.05022761939983233
A,160,75660,1519642,0.04978804218361956
A,161,75106,1519642,0.04942348263604191
A,162,74819,1519642,0.04923462236500439
A,163,74200,1519642,0.04882728958531023
A,164,73517,1519642,0.048377841623224414
A,165,73169,1519642,0.04814884031896986
A,166,72415,1519642,0.04765267082641833
A,167,71144,1519642,0.04681628962610931
A,168,70851,1519642,0.04662348105672257
A,169,70422,1519642,0.046341177724753595
A,170,68817,1519642,0.04528500791633819
A,171,68534,1519642,0.045098779844200146
A,172,68009,1519642,0.04475330373864371
A,173,67668,1519642,0.04452890878246324
A,174,67287,1519642,0.04427819183728799
A,175,67041,1519642,0.04411631160497012
A,176,66385,1519642,0.04368463098545578
A,177,66062,1519642,0.04347208092432297
A,178,65838,1519642,0.04332467778595222
A,179,65433,1519642,0.04305816764738011
A,180,65102,1519642,0.04284035318844833
A,181,64836,1519642,0.04266531196163307
A,182,63895,1519642,0.04204608717053095
A,183,63260,1519642,0.04162822559523888
A,184,62992,1519642,0.041451868268973874
A,185,62442,1519642,0.0410899409202957
A,186,62167,1519642,0.040908977245956615
A,187,61644,1519642,0.040564817239849914
A,188,60199,1519642,0.03961393538741362
A,189,59945,1519642,0.03944679075729678
A,190,59725,1519642,0.039302019817825516
A,191,58964,1519642,0.0388012439771999
A,192,58744,1519642,0.03865647303772862
A,193,58311,1519642,0.03837153750686017
A,194,57954,1519642,0.03813661375508179
A,195,57690,1519642,0.03796288862771627
A,196,56951,1519642,0.03747658988103777
A,197,56325,1519642,0.03706465075326952
A,198,56155,1519642,0.03695278230004172
A,199,55804,1519642,0.03672180684661256
A,200,55629,1519642,0.03660664814476041
A,201,55058,1519642,0.03623090175185998
A,202,54832,1519642,0.03608218251403949
A,203,54618,1519642,0.03594135987291744
A,204,54395,1519642,0.03579461478427156
A,205,54159,1519642,0.035639315049202376
A,206,53711,1519642,0.035344508772460884
A,207,53410,1519642,0.03514643580527519
A,208,53250,1519642,0.035041147849296087
A,209,52845,1519642,0.03477463771072397
A,210,52559,1519642,0.03458643548941132
A,211,52391,1519642,0.03447588313563326
A,212,52206,1519642,0.03435414393653242
A,213,51888,1519642,0.03414488412402395
A,214,51704,1519642,0.03402380297464798
A,215,51391,1519642,0.03381783341076385
A,216,51069,1519642,0.0336059413993559
A,217,50789,1519642,0.033421687476392466
A,218,50526,1519642,0.03324862039875181
A,219,50299,1519642,0.033099243111206454
A,220,50133,1519642,0.03299000685687813
A,221,49780,1519642,0.03275771530399923
A,222,49554,1519642,0.032608996066178744
A,223,49304,1519642,0.03244448363496139
A,224,48996,1519642,0.03224180431970161
A,225,48740,1519642,0.03207334359013504
A,226,48468,1519642,0.03189435406497056
A,227,48138,1519642,0.03167719765576366
A,228,47975,1519642,0.03156993555060995
A,229,47809,1519642,0.031460699296281626
A,230,47575,1519642,0.031306715660662184
A,231,47042,1519642,0.030955975157306786
A,232,46881,1519642,0.03085002915160281
A,233,46665,1519642,0.03070789041103102
A,234,46459,1519642,0.03057233216770792
A,235,46290,1519642,0.03046112176420499
A,236,46083,1519642,0.030324905471157022
A,237,45402,1519642,0.029876773608520955
A,238,45139,1519642,0.029703706530880298
A,239,44970,1519642,0.02959249612737737
A,240,44734,1519642,0.029437196392308188
A,241,44554,1519642,0.029318747441831695
A,242,44282,1519642,0.029139757916667217
A,243,44079,1519642,0.029006173822518726
A,244,43736,1519642,0.028780462766888518
A,245,43519,1519642,0.028637665976591856
A,246,43336,1519642,0.028517242876940754
A,247,42995,1519642,0.028292847920760283
A,248,42772,1519642,0.028146102832114404
A,249,42394,1519642,0.027897360036113768
A,250,42257,1519642,0.02780720722380666
A,251,42043,1519642,0.027666384582684608
A,252,41771,1519642,0.027487395057520125
A,253,41572,1519642,0.027356443162271114
A,254,41283,1519642,0.027166266791783855
A,255,40960,1519642,0.026953716730651035
A,256,40796,1519642,0.026845796575772452
A,257,40481,1519642,0.026638510912438587
A,258,40344,1519642,0.026548358100131477
A,259,40215,1519642,0.026463469685623325
A,260,40083,1519642,0.02637660712194056
A,261,39596,1519642,0.02605613690592916
A,262,39487,1519642,0.025984409485918392
A,263,39321,1519642,0.02587517323159007
A,264,39177,1519642,0.025780414071208877
A,265,39050,1519642,0.025696841756150463
A,266,38835,1519642,0.02555536106530354
A,267,38596,1519642,0.02539808718105975
A,268,38491,1519642,0.025328991959948463
A,269,38238,1519642,0.025162505379556502
A,270,38067,1519642,0.02504997887660383
A,271,37949,1519642,0.02497232900906924
A,272,37805,1519642,0.024877569848688046
A,273,37600,1519642,0.024742669655089818
A,274,37481,1519642,0.02466436173783036
A,275,37320,1519642,0.024558415732126384
A,276,36984,1519642,0.02433731102457026
A,277,36776,1519642,0.024200436681797423
A,278,36582,1519642,0.024072775035172758
A,279,36444,1519642,0.02398196417314078
A,280,36328,1519642,0.023905630405055927
A,281,36237,1519642,0.02384574788009281
A,282,35987,1519642,0.02368123544887546
A,283,35742,1519642,0.023520013266282454
A,284,35627,1519642,0.02344433754792247
A,285,35048,1519642,0.02306332675722308
A,286,34920,1519642,0.022979096392439797
A,287,34666,1519642,0.02281195176232297
A,288,34548,1519642,0.022734301894788377
A,289,34388,1519642,0.022629013938809273
A,290,34242,1519642,0.022532938678978338
A,291,34036,1519642,0.02239738043565524
A,292,33909,1519642,0.022313808120596825
A,293,33667,1519642,0.022154560087178428
A,294,33296,1519642,0.021910423639251875
A,295,33191,1519642,0.021841328418140588
A,296,33031,1519642,0.021736040462161484
A,297,32701,1519642,0.021518884052954577
A,298,32624,1519642,0.021468214224139633
A,299,32504,1519642,0.021389248257155304
A,300,32426,1519642,0.02133792037861549
A,301,32178,1519642,0.021174724046847875
A,302,32095,1519642,0.021120105919683715
A,303,32031,1519642,0.021077990737292072
A,304,31910,1519642,0.020998366720582876
A,305,31857,1519642,0.020963490085164797
A,306,31721,1519642,0.020873995322582557
A,307,31564,1519642,0.02077068151577806
A,308,31520,1519642,0.020741727327883805
A,309,31183,1519642,0.020519964570602813
A,310,31114,1519642,0.020474559139586825
A,311,31012,1519642,0.020407438067650142
A,312,30969,1519642,0.02037914192948076
A,313,30520,1519642,0.020083677603014393
A,314,30466,1519642,0.020048142917871447
A,315,28285,1519642,0.018612936467931263
A,316,28070,1519642,0.01847145577708434
A,317,27660,1519642,0.018201655389887883
A,318,27626,1519642,0.018179281699242322
A,319,26555,1519642,0.017474510443907184
A,320,26506,1519642,0.01744226600738858
A,321,26301,1519642,0.017307365813790353
A,322,26248,1519642,0.017272489178372274
A,323,25200,1519642,0.016582853066709133
A,324,24933,1519642,0.016407153790169
A,325,24013,1519642,0.015801748043289144
A,326,23951,1519642,0.01576094896034724
A,327,22390,1519642,0.014733733339826091
A,328,22297,1519642,0.014672534715413235
A,329,22144,1519642,0.014571853107508215
A,330,22106,1519642,0.014546847217963179
A,331,21165,1519642,0.013927622426861063
A,332,21114,1519642,0.013894061890892723
A,333,20507,1519642,0.01349462570789699
A,334,20459,1519642,0.01346303932110326
A,335,20383,1519642,0.013413027542013185
A,336,20351,1519642,0.013391969950817364
A,337,20012,1519642,0.013168891094086633
A,338,19986,1519642,0.013151781801240029
A,339,19366,1519642,0.012743790971820995
A,340,19317,1519642,0.012711546535302393
A,341,18197,1519642,0.011974530843448654
A,342,18134,1519642,0.011933073710781882
A,343,17975,1519642,0.011828443804527645
A,344,17946,1519642,0.011809360362506433
A,345,17845,1519642,0.011742897340294623
A,346,17810,1519642,0.011719865599924193
A,347,17562,1519642,0.011556669268156579
A,348,17508,1519642,0.011521134583013631
A,349,17470,1519642,0.011496128693468593
A,350,17436,1519642,0.011473755002823034
A,351,16898,1519642,0.011119724250843292
A,352,16866,1519642,0.01109866665964747
A,353,16632,1519642,0.010944683024028028
A,354,16613,1519642,0.010932180079255508
A,355,16522,1519642,0.010872297554292393
A,356,16479,1519642,0.010844001416123008
A,357,15927,1519642,0.010480757967995094
A,358,15896,1519642,0.010460358426524142
A,359,14809,1519642,0.009745058375591094
A,360,14766,1519642,0.00971676223742171
A,361,14568,1519642,0.009586468391897566
A,362,14539,1519642,0.009567384949876353
A,363,14372,1519642,0.009457490645823161
A,364,14319,1519642,0.009422614010405082
A,365,13858,1519642,0.009119253087240283
A,366,13837,1519642,0.009105434043018027
A,367,12651,1519642,0.008324987069322906
A,368,12632,1519642,0.008312484124550388
A,369,11965,1519642,0.007873564958062492
A,370,11951,1519642,0.00786435226191432
A,371,11639,1519642,0.007659040747755063
A,372,11621,1519642,0.007647195852707414
A,373,11524,1519642,0.007583365029395081
A,374,11510,1519642,0.00757415233324691
A,375,11337,1519642,0.007460309730844501
A,376,11280,1519642,0.007422800896526945
A,377,11226,1519642,0.007387266211383997
A,378,11197,1519642,0.0073681827693627844
A,379,11131,1519642,0.0073247514875214035
A,380,11083,1519642,0.007293165100727672
A,381,11056,1519642,0.007275397758156197
A,382,11011,1519642,0.007245785520537074
A,383,10982,1519642,0.007226702078515861
A,384,10967,1519642,0.0072168313326428195
A,385,10639,1519642,0.007000991022885653
A,386,10611,1519642,0.0069825656305893095
A,387,10292,1519642,0.006772647768355968
A,388,10279,1519642,0.006764093121932666
A,389,10241,1519642,0.006739087232387628
A,390,10230,1519642,0.006731848685414064
A,391,10101,1519642,0.006646960270905911
A,392,10071,1519642,0.0066272187791598285
A,393,9747,1519642,0.00641401066830214
A,394,9733,1519642,0.006404797972153968
A,395,9715,1519642,0.0063929530771063186
A,396,9686,1519642,0.006373869635085106
A,397,9515,1519642,0.006261343132132437
A,398,9505,1519642,0.0062547626348837424
A,399,9469,1519642,0.006231072844788444
A,400,9456,1519642,0.006222518198365141
A,401,9378,1519642,0.006171190319825328
A,402,9362,1519642,0.006160661524227417
A,403,9304,1519642,0.006122494640184991
A,404,9280,1519642,0.006106701446788125
A,405,8952,1519642,0.0058908611370309585
A,406,8923,1519642,0.005871777695009746
A,407,8868,1519642,0.005835584960141928
A,408,8851,1519642,0.005824398114819148
A,409,8729,1519642,0.00574411604838508
A,410,8703,1519642,0.005727006755538475
A,411,8670,1519642,0.005705291114617785
A,412,8667,1519642,0.005703316965443177
A,413,8647,1519642,0.005690155970945789
A,414,8636,1519642,0.005682917423972225
A,415,8605,1519642,0.005662517882501273
A,416,8563,1519642,0.0056348797940567585
A,417,8543,1519642,0.00562171879955937
A,418,8528,1519642,0.005611848053686329
A,419,8330,1519642,0.005481554208162186
A,420,8311,1519642,0.005469051263389667
A,421,8249,1519642,0.005428252180447763
A,422,8237,1519642,0.00542035558374933
A,423,8078,1519642,0.005315725677495094
A,424,8054,1519642,0.005299932484098229
A,425,7997,1519642,0.005262423649780672
A,426,7972,1519642,0.005245972406658936
A,427,7950,1519642,0.00523149531271181
A,428,7933,1519642,0.00522030846738903
A,429,7913,1519642,0.005207147472891641
A,430,7899,1519642,0.005197934776743469
A,431,7836,1519642,0.005156477644076697
A,432,7825,1519642,0.005149239097103134
A,433,7674,1519642,0.0050498735886478525
A,434,7656,1519642,0.005038028693600203
A,435,7473,1519642,0.004917605593949101
A,436,7454,1519642,0.004905102649176582
A,437,7407,1519642,0.00487417431210772
A,438,7400,1519642,0.004869567964033634
A,439,7366,1519642,0.004847194273388074
A,440,7343,1519642,0.004832059129716078
A,441,6691,1519642,0.004403010709101223
A,442,6614,1519642,0.004352340880286278
A,443,6586,1519642,0.004333915487989935
A,444,6571,1519642,0.004324044742116893
A,445,6546,1519642,0.004307593498995158
A,446,6524,1519642,0.004293116405048031
A,447,6390,1519642,0.0042049377419155305
A,448,6378,1519642,0.004197041145217097
A,449,6355,1519642,0.004181906001545101
A,450,6341,1519642,0.004172693305396929
A,451,5877,1519642,0.003867358233057523
A,452,5867,1519642,0.0038607777358088285
A,453,5846,1519642,0.003846958691586571
A,454,5838,1519642,0.003841694293787616
A,455,5736,1519642,0.003774573221850936
A,456,5719,1519642,0.003763386376528156
A,457,5708,1519642,0.0037561478295545926
A,458,5699,1519642,0.003750225382030768
A,459,5686,1519642,0.0037416707356074655
A,460,5679,1519642,0.0037370643875333795
A,461,5642,1519642,0.0037127165477132116
A,462,5627,1519642,0.0037028458018401704
A,463,5599,1519642,0.0036844204095438267
A,464,5595,1519642,0.0036817882106443493
A,465,5265,1519642,0.003464631801437444
A,466,5254,1519642,0.00345739325446388
A,467,5229,1519642,0.003440942011342145
A,468,5229,1519642,0.003440942011342145
A,469,5214,1519642,0.003431071265469104
A,470,5206,1519642,0.003425806867670149
A,471,5129,1519642,0.003375137038855204
A,472,5120,1519642,0.0033692145913313794
A,473,5089,1519642,0.0033488150498604276
A,474,5082,1519642,0.0033442087017863417
A,475,5066,1519642,0.003333679906188431
A,476,5057,1519642,0.0033277574586646065
A,477,5028,1519642,0.003308674016643394
A,478,5018,1519642,0.0033020935193946994
A,479,4972,1519642,0.003271823232050707
A,480,4746,1519642,0.00312310399423022
A,481,4644,1519642,0.00305598292229354
A,482,4635,1519642,0.0030500604747697156
A,483,4576,1519642,0.0030112355410024205
A,484,4572,1519642,0.0030086033421029426
A,485,4560,1519642,0.00300070674540451
A,486,4547,1519642,0.0029921520989812074
A,487,4496,1519642,0.0029585915630128677
A,488,4491,1519642,0.0029553013143885204
A,489,4429,1519642,0.002914502231446617
A,490,4417,1519642,0.002906605634748184
A,491,4395,1519642,0.002892128540801057
A,492,4386,1519642,0.0028862060932772324
A,493,4368,1519642,0.002874361198229583
A,494,4355,1519642,0.0028658065518062806
A,495,4328,1519642,0.0028480392092348067
A,496,4311,1519642,0.0028368523639120268
A,497,4295,1519642,0.002826323568314116
A,498,4291,1519642,0.0028236913694146383
A,499,4229,1519642,0.002782892286472735
A,500,4221,1519642,0.00277762788867378
B,1,1520696,1520696,1.0
B,2,1478690,1520696,0.9723771220546381
B,3,1425243,1520696,0.93723071540926
B,4,1382536,1520696,0.9091468643305434
B,5,1333553,1520696,0.8769359556413642
B,6,1138401,1520696,0.7486052439146286
B,7,1079286,1520696,0.7097315965847217
B,8,983011,1520696,0.646421770031617
B,9,922027,1520696,0.6063190802106404
B,10,848669,1520696,0.5580793268345547
B,11,780582,1520696,0.5133057494726099
B,12,738261,1520696,0.4854757295343711
B,13,709973,1520696,0.4668737209803932
B,14,689944,1520696,0.45370277820156035
B,15,664964,1520696,0.43727608936960444
B,16,633243,1520696,0.4164165618900819
B,17,615343,1520696,0.40464563594564595
B,18,598951,1520696,0.39386636119250656
B,19,579221,1520696,0.3808920389084998
B,20,568637,1520696,0.3739320679478344
B,21,550662,1520696,0.3621118224812849
B,22,528488,1520696,0.34753034137000427
B,23,501721,1520696,0.3299285327244893
B,24,483977,1520696,0.31826019138604955
B,25,464080,1520696,0.30517605096613654
B,26,448224,1520696,0.2947492463977021
B,27,427612,1520696,0.28119492653363987
B,28,418755,1520696,0.2753706197688427
B,29,403493,1520696,0.2653344258155476
B,30,395323,1520696,0.25996188587331065
B,31,386540,1520696,0.25418624103699883
B,32,380148,1520696,0.2499829025656673
B,33,367854,1520696,0.2418984465008128
B,34,358301,1520696,0.2356164545708018
B,35,346776,1520696,0.22803768800601829
B,36,337017,1520696,0.22162023178860207
B,37,326498,1520696,0.21470300441376844
B,38,315258,1520696,0.20731165203301646
B,39,302991,1520696,0.19924495099612283
B,40,297753,1520696,0.1958004755717119
B,41,291751,1520696,0.19185359861537085
B,42,286475,1520696,0.18838413463308906
B,43,281757,1520696,0.18528160789533213
B,44,277053,1520696,0.18218828746836974
B,45,273999,1520696,0.18017999652790564
B,46,270842,1520696,0.17810397344373893
B,47,264107,1520696,0.17367508035794135
B,48,259123,1520696,0.17039763371508834
B,49,253436,1520696,0.16665789875162426
B,50,247421,1520696,0.16270247307811686
B,51,242561,1520696,0.15950656804515828
B,52,240244,1520696,0.1579829236086634
B,53,236056,1520696,0.1552289214938423
B,54,227853,1520696,0.14983468096187536
B,55,224913,1520696,0.14790135569502386
B,56,221904,1520696,0.1459226564678279
B,57,212461,1520696,0.1397129998369168
B,58,210744,1520696,0.13858391157733038
B,59,208611,1520696,0.13718126436842076
B,60,206737,1520696,0.13594893390921
B,61,203891,1520696,0.13407742244340748
B,62,200472,1520696,0.1318291098286574
B,63,197693,1520696,0.13000165713594303
B,64,193015,1520696,0.12692543414331334
B,65,191074,1520696,0.12564904491101442
B,66,189581,1520696,0.12466725762414052
B,67,185015,1520696,0.12166468511786709
B,68,183521,1520696,0.120682240237365
B,69,182117,1520696,0.11975897878339918
B,70,180079,1520696,0.11841880296916675
B,71,178837,1520696,0.11760207168296621
B,72,177633,1520696,0.11681032895463656
B,73,175656,1520696,0.11551026635172316
B,74,173882,1520696,0.11434369525533046
B,75,172687,1520696,0.11355787086965442
B,76,168760,1520696,0.11097550069178849
B,77,166734,1520696,0.10964321600109424
B,78,165854,1520696,0.10906453360829516
B,79,164104,1520696,0.10791374475897879
B,80,163245,1520696,0.10734887183237149
B,81,162229,1520696,0.10668075670613981
B,82,159778,1520696,0.10506899472346873
B,83,158561,1520696,0.10426870327797272
B,84,157422,1520696,0.1035197041354748
B,85,156252,1520696,0.10275031959050329
B,86,151653,1520696,0.09972604649449988
B,87,149836,1520696,0.09853119887209541
B,88,148407,1520696,0.09759149757742508
B,89,147127,1520696,0.09674977773335368
B,90,146472,1520696,0.09631905390689527
B,91,144881,1520696,0.09527282244445964
B,92,143793,1520696,0.09455736057699896
B,93,141824,1520696,0.093262558723111
B,94,141113,1520696,0.09279500965347447
B,95,140356,1520696,0.09229721127694161
B,96,138115,1520696,0.09082354395618848
B,97,135928,1520696,0.08938538669135712
B,98,135347,1520696,0.08900332479338408
B,99,134450,1520696,0.08841346330890593
B,100,133773,1520696,0.08796827242262753
B,101,132905,1520696,0.08739748115336661
B,102,131786,1520696,0.08666163388343233
B,103,130668,1520696,0.08592644420712621
B,104,129785,1520696,0.08534578903344259
B,105,129070,1520696,0.08487560958929333
B,106,127789,1520696,0.08403323215159375
B,107,126358,1520696,0.08309221566966704
B,108,124933,1520696,0.08215514474950944
B,109,123983,1520696,0.0815304308027377
B,110,122932,1520696,0.0808392998995197
B,111,121528,1520696,0.07991603844555388
B,112,120427,1520696,0.07919202786092684
B,113,118056,1520696,0.07763287336851021
B,114,116679,1520696,0.07672736694250527
B,115,115390,1520696,0.07587972875578025
B,116,113843,1520696,0.07486243141298458
B,117,112394,1520696,0.07390957824575063
B,118,111636,1520696,0.0734111222755896
B,119,111092,1520696,0.07305339134185926
B,120,110378,1520696,0.07258386949133817
B,121,108990,1520696,0.07167112953542325
B,122,107284,1520696,0.07054927480574684
B,123,106185,1520696,0.06982657940837617
B,124,104932,1520696,0.06900261459226564
B,125,104150,1520696,0.06848837637502828
B,126,103294,1520696,0.06792547622930553
B,127,102424,1520696,0.06735336977278825
B,128,101636,1520696,0.0668351859937818
B,129,101032,1520696,0.0664379994423606
B,130,100265,1520696,0.06593362512954594
B,131,99525,1520696,0.06544700584469217
B,132,98841,1520696,0.06499721180301651
B,133,98266,1520696,0.06461909546681256
B,134,97281,1520696,0.0639713657430545
B,135,96606,1520696,0.06352749004403246
B,136,95936,1520696,0.06308690231315135
B,137,94757,1520696,0.06231159942552621
B,138,94237,1520696,0.0619696507388722
B,139,92550,1520696,0.060860290288131225
B,140,90980,1520696,0.059827868291887396
B,141,90485,1520696,0.05950235944593791
B,142,90000,1520696,0.059183426536270234
B,143,89263,1520696,0.058698780032301
B,144,88826,1520696,0.058411411616786
B,145,88359,1520696,0.058104315392425575
B,146,87748,1520696,0.05770252568560712
B,147,87229,1520696,0.057361234592581294
B,148,86611,1520696,0.05695484173036557
B,149,86072,1520696,0.05660039876477613
B,150,85676,1520696,0.05633999168801654
B,151,83872,1520696,0.05515369278277841
B,152,83407,1520696,0.05484791174567435
B,153,82865,1520696,0.05449149599920037
B,154,82367,1520696,0.054164014372366336
B,155,81026,1520696,0.05328218131697591
B,156,80301,1520696,0.052805425936544845
B,157,79803,1520696,0.05247794430971082
B,158,78685,1520696,0.051742754633404706
B,159,78145,1520696,0.051387654074187085
B,160,77479,1520696,0.05094969671781868
B,161,76871,1520696,0.05054987979188477
B,162,76559,1520696,0.050344710579892364
B,163,75934,1520696,0.04993371456227938
B,164,75202,1520696,0.049452356026451046
B,165,74868,1520696,0.049232719754638665
B,166,74081,1520696,0.04871519356926039
B,167,72792,1520696,0.047867555382535364
B,168,72460,1520696,0.04764923429797935
B,169,71961,1520696,0.04732109507751714
B,170,70254,1520696,0.04619858275421254
B,171,69983,1520696,0.04602037488097555
B,172,69452,1520696,0.04567119266441156
B,173,69097,1520696,0.04543774692640738
B,174,68689,1520696,0.045169448726109625
B,175,68442,1520696,0.04500702309994897
B,176,67771,1520696,0.044565777775439665
B,177,67413,1520696,0.04433035925655095
B,178,67238,1520696,0.044215280371619314
B,179,66778,1520696,0.04391278730265615
B,180,66448,1520696,0.043695781405356494
B,181,66194,1520696,0.04352875262379858
B,182,65213,1520696,0.04288365327455323
B,183,64586,1520696,0.04247134206968388
B,184,64329,1520696,0.04230234050724142
B,185,63738,1520696,0.04191370267298658
B,186,63478,1520696,0.04174272832965958
B,187,62936,1520696,0.04138631258318559
B,188,61412,1520696,0.040384139893838086
B,189,61181,1520696,0.040232235765728326
B,190,60926,1520696,0.04006454939054223
B,191,60126,1520696,0.0395384744879976
B,192,59909,1520696,0.03939577667068237
B,193,59486,1520696,0.039117614565961904
B,194,59120,1520696,0.038876935298047734
B,195,58852,1520696,0.038700700205695285
B,196,58074,1520696,0.03818909236297064
B,197,57396,1520696,0.03774324388306407
B,198,57209,1520696,0.03762027387459427
B,199,56895,1520696,0.0374137894753455
B,200,56735,1520696,0.03730857449483657
B,201,56227,1520696,0.03697451693172074
B,202,56000,1520696,0.036825243178123704
B,203,55798,1520696,0.036692409265231186
B,204,55579,1520696,0.036548396260659595
B,205,55323,1520696,0.036380052291845315
B,206,54847,1520696,0.03606703772483126
B,207,54539,1520696,0.03586449888735158
B,208,54391,1520696,0.03576717503038083
B,209,54004,1520696,0.03551268629627486
B,210,53723,1520696,0.03532790248675607
B,211,53552,1520696,0.03521545397633715
B,212,53375,1520696,0.03509905990414915
B,213,53060,1520696,0.034891917911272205
B,214,52871,1520696,0.03476763271554604
B,215,52512,1520696,0.03453155660302914
B,216,52152,1520696,0.034294822896884056
B,217,51871,1520696,0.034110039087365256
B,218,51607,1520696,0.03393643436952553
B,219,51398,1520696,0.03379899730123575
B,220,51248,1520696,0.033700358257008636
B,221,50883,1520696,0.03346033658272265
B,222,50631,1520696,0.03329462298842109
B,223,50357,1520696,0.033114442334299554
B,224,50069,1520696,0.03292505536938349
B,225,49783,1520696,0.03273698359172379
B,226,49526,1520696,0.03256798202928133
B,227,49218,1520696,0.03236544319180165
B,228,49031,1520696,0.03224247318333184
B,229,48848,1520696,0.03212213354937476
B,230,48602,1520696,0.03196036551684229
B,231,48069,1520696,0.03160986811302193
B,232,47900,1520696,0.03149873478985938
B,233,47674,1520696,0.031350118629890525
B,234,47487,1520696,0.031227148621420717
B,235,47313,1520696,0.031112727330117263
B,236,47121,1520696,0.030986469353506553
B,237,46351,1520696,0.03048012225980735
B,238,46066,1520696,0.030292708075775828
B,239,45863,1520696,0.03015921656925513
B,240,45585,1520696,0.029976405540620872
B,241,45413,1520696,0.02986329943657378
B,242,45142,1520696,0.029685091563336787
B,243,44916,1520696,0.029536475403367932
B,244,44544,1520696,0.02929185057368468
B,245,44297,1520696,0.02912942494752403
B,246,44077,1520696,0.02898475434932426
B,247,43752,1520696,0.028771036420165503
B,248,43524,1520696,0.028621105072940287
B,249,43125,1520696,0.028358725215296154
B,250,42984,1520696,0.028266004513722662
B,251,42814,1520696,0.028154213596931932
B,252,42531,1520696,0.02796811460015677
B,253,42339,1520696,0.02784185662354606
B,254,42022,1520696,0.027633399443412754
B,255,41686,1520696,0.027412447984344012
B,256,41496,1520696,0.027287505194989663
B,257,41156,1520696,0.0270639233614082
B,258,41017,1520696,0.02697251784709107
B,259,40879,1520696,0.02688176992640212
B,260,40718,1520696,0.026775897352265016
B,261,40245,1520696,0.026464855566135505
B,262,40111,1520696,0.02637673801995928
B,263,39977,1520696,0.026288620473783057
B,264,39851,1520696,0.026205763676632278
B,265,39730,1520696,0.026126194847622405
B,266,39516,1520696,0.02598546981119172
B,267,39314,1520696,0.0258526358982992
B,268,39222,1520696,0.025792137284506567
B,269,38951,1520696,0.025613929411269578
B,270,38759,1520696,0.025487671434658868
B,271,38665,1520696,0.025425857633609873
B,272,38527,1520696,0.025335109712920925
B,273,38324,1520696,0.02520161820640023
B,274,38202,1520696,0.025121391783762173
B,275,38034,1520696,0.0250109160542278
B,276,37682,1520696,0.024779443097108167
B,277,37487,1520696,0.024651212339612913
B,278,37314,1520696,0.02453744864193764
B,279,37169,1520696,0.024442097565851428
B,280,37025,1520696,0.024347404083393392
B,281,36927,1520696,0.024282959907831678
B,282,36682,1520696,0.024121849468927387
B,283,36405,1520696,0.02393969603392131
B,284,36297,1520696,0.023868675922077785
B,285,35683,1520696,0.023464913434374787
B,286,35559,1520696,0.02338337182448037
B,287,35292,1520696,0.0232077943257561
B,288,35159,1520696,0.023120334373208058
B,289,34978,1520696,0.023001309926507337
B,290,34825,1520696,0.022900698101395677
B,291,34616,1520696,0.022763261033105893
B,292,34502,1520696,0.022688295359493283
B,293,34273,1520696,0.022537706418639884
B,294,33880,1520696,0.02227927212276484
B,295,33752,1520696,0.0221951001383577
B,296,33534,1520696,0.02205174472741429
B,297,33191,1520696,0.02182619011294828
B,298,33117,1520696,0.021777528184462904
B,299,32996,1520696,0.02169795935545303
B,300,32906,1520696,0.02163877592891676
B,301,32682,1520696,0.021491474956204265
B,302,32611,1520696,0.021444785808603428
B,303,32550,1520696,0.021404672597284402
B,304,32439,1520696,0.021331679704556336
B,305,32377,1520696,0.021290908899609128
B,306,32252,1520696,0.021208709696086528
B,307,32056,1520696,0.021079821344963095
B,308,32004,1520696,0.021045626476297694
B,309,31684,1520696,0.020835196515279847
B,310,31598,1520696,0.020778643463256297
B,311,31512,1520696,0.02072209041123275
B,312,31456,1520696,0.020685265168054627
B,313,31011,1520696,0.02039263600351418
B,314,30967,1520696,0.020363701883874225
B,315,28829,1520696,0.01895776670682372
B,316,28639,1520696,0.01883282391746937
B,317,28221,1520696,0.0185579497808898
B,318,28179,1520696,0.01853033084850621
B,319,27030,1520696,0.017774755769726494
B,320,26969,1520696,0.017734642558407464
B,321,26729,1520696,0.01757682008764408
B,322,26665,1520696,0.01753473409544051
B,323,25622,1520696,0.016848863941247953
B,324,25373,1520696,0.01668512312783094
B,325,24414,1520696,0.016054490838405572
B,326,24341,1520696,0.016006486503548377
B,327,22750,1520696,0.014960255041112754
B,328,22660,1520696,0.014901071614576484
B,329,22505,1520696,0.014799144602208462
B,330,22475,1520696,0.014779416793363039
B,331,21526,1520696,0.014155360440219478
B,332,21480,1520696,0.014125111133323162
B,333,20863,1520696,0.01371937586473562
B,334,20820,1520696,0.013691099338723848
B,335,20766,1520696,0.013655589282802085
B,336,20734,1520696,0.0136345462867003
B,337,20355,1520696,0.013385318301619785
B,338,20329,1520696,0.013368220867287084
B,339,19743,1520696,0.012982871001173147
B,340,19690,1520696,0.012948018538879566
B,341,18482,1520696,0.012153645436037183
B,342,18433,1520696,0.012121423348256324
B,343,18260,1520696,0.01200765965058105
B,344,18222,1520696,0.01198267109271018
B,345,18117,1520696,0.011913623761751198
B,346,18071,1520696,0.011883374454854882
B,347,17842,1520696,0.011732785514001483
B,348,17788,1520696,0.011697275458079722
B,349,17755,1520696,0.011675574868349756
B,350,17715,1520696,0.011649271123222525
B,351,17217,1520696,0.011321789496388495
B,352,17182,1520696,0.011298773719402168
B,353,16932,1520696,0.011134375312356974
B,354,16915,1520696,0.0111231962206779
B,355,16831,1520696,0.011067958355910715
B,356,16783,1520696,0.011036393861758037
B,357,16162,1520696,0.010628028218657772
B,358,16137,1520696,0.010611588377953254
B,359,15018,1520696,0.00987574110801896
B,360,14976,1520696,0.009848122175635366
B,361,14777,1520696,0.009717261043627391
B,362,14740,1520696,0.009692930079384703
B,363,14587,1520696,0.009592318254273043
B,364,14527,1520696,0.009552862636582197
B,365,14049,1520696,0.009238532882311783
B,366,14028,1520696,0.009224723416119986
B,367,12774,1520696,0.008400101006381288
B,368,12752,1520696,0.008385633946561312
B,369,12041,1520696,0.007918084876924776
B,370,12018,1520696,0.007902960223476618
B,371,11694,1520696,0.007689899887946046
B,372,11659,1520696,0.0076668841109597185
B,373,11579,1520696,0.007614276620705256
B,374,11553,1520696,0.007597179186372555
B,375,11362,1520696,0.007471578803390027
B,376,11290,1520696,0.00742423206216101
B,377,11231,1520696,0.0073854340380983445
B,378,11197,1520696,0.007363075854740198
B,379,11146,1520696,0.007329538579702978
B,380,11104,1520696,0.007301919647319385
B,381,11087,1520696,0.007290740555640312
B,382,11034,1520696,0.007255888093346731
B,383,10999,1520696,0.007232872316360404
B,384,10970,1520696,0.007213802101143161
B,385,10642,1520696,0.006998111391099865
B,386,10618,1520696,0.006982329144023526
B,387,10296,1520696,0.006770583995749315
B,388,10285,1520696,0.006763350465839326
B,389,10251,1520696,0.006740992282481179
B,390,10239,1520696,0.006733101158943011
B,391,10111,1520696,0.006648929174535871
B,392,10079,1520696,0.006627886178434086
B,393,9720,1520696,0.006391810065917185
B,394,9715,1520696,0.006388522097776282
B,395,9701,1520696,0.006379315786981751
B,396,9676,1520696,0.006362875946277231
B,397,9515,1520696,0.006257003372140126
B,398,9500,1520696,0.006247139467717414
B,399,9482,1520696,0.00623530278241016
B,400,9471,1520696,0.006228069252500171
B,401,9397,1520696,0.006179407324014793
B,402,9380,1520696,0.00616822823233572
B,403,9329,1520696,0.0061346909572985
B,404,9300,1520696,0.006115620742081257
B,405,8975,1520696,0.005901902812922504
B,406,8949,1520696,0.0058848053785898035
B,407,8893,1520696,0.00584798013541168
B,408,8880,1520696,0.00583943141824533
B,409,8755,1520696,0.005757232214722732
B,410,8735,1520696,0.0057440803421591165
B,411,8695,1520696,0.005717776597031886
B,412,8684,1520696,0.005710543067121897
B,413,8665,1520696,0.005698048788186462
B,414,8659,1520696,0.005694103226417377
B,415,8634,1520696,0.005677663385712858
B,416,8594,1520696,0.005651359640585627
B,417,8575,1520696,0.005638865361650191
B,418,8558,1520696,0.005627686269971118
B,419,8359,1520696,0.005496825137963143
B,420,8342,1520696,0.00548564604628407
B,421,8291,1520696,0.00545210877124685
B,422,8279,1520696,0.00544421764770868
B,423,8142,1520696,0.005354127320647914
B,424,8114,1520696,0.005335714699058852
B,425,8061,1520696,0.0053008622367652705
B,426,8035,1520696,0.005283764802432571
B,427,8012,1520696,0.005268640148984412
B,428,7986,1520696,0.0052515427146517125
B,429,7968,1520696,0.005239706029344458
B,430,7958,1520696,0.00523313009306265
B,431,7897,1520696,0.0051930168817436225
B,432,7885,1520696,0.005185125758205453
B,433,7723,1520696,0.005078595590440167
B,434,7708,1520696,0.0050687316860174554
B,435,7521,1520696,0.004945761677547649
B,436,7510,1520696,0.004938528147637661
B,437,7468,1520696,0.004910909215254068
B,438,7459,1520696,0.004904990872600441
B,439,7428,1520696,0.004884605470126837
B,440,7407,1520696,0.00487079600393504
B,441,6730,1520696,0.004425605117656652
B,442,6667,1520696,0.0043841767190812625
B,443,6641,1520696,0.004367079284748563
B,444,6627,1520696,0.004357872973954032
B,445,6597,1520696,0.004338145165108608
B,446,6575,1520696,0.004323678105288631
B,447,6444,1520696,0.004237533339996949
B,448,6432,1520696,0.004229642216458779
B,449,6402,1520696,0.004209914407613356
B,450,6396,1520696,0.004205968845844271
B,451,5927,1520696,0.0038975574342274854
B,452,5916,1520696,0.0038903239043174965
B,453,5899,1520696,0.0038791448126384233
B,454,5886,1520696,0.0038705960954720734
B,455,5787,1520696,0.003805494326282176
B,456,5765,1520696,0.003791027266462199
B,457,5747,1520696,0.003779190581154945
B,458,5735,1520696,0.0037712994576167753
B,459,5724,1520696,0.003764065927706787
B,460,5711,1520696,0.003755517210540437
B,461,5677,1520696,0.00373315902718229
B,462,5667,1520696,0.0037265830909004823
B,463,5640,1520696,0.0037088280629396014
B,464,5631,1520696,0.0037029097202859744
B,465,5293,1520696,0.0034806430739608707
B,466,5274,1520696,0.0034681487950254356
B,467,5237,1520696,0.003443817830782747
B,468,5233,1520696,0.0034411874562700236
B,469,5220,1520696,0.0034326387391036737
B,470,5215,1520696,0.0034293507709627696
B,471,5141,1520696,0.003380688842477392
B,472,5131,1520696,0.003374112906195584
B,473,5095,1520696,0.003350439535581076
B,474,5092,1520696,0.0033484667546965336
B,475,5079,1520696,0.0033399180375301837
B,476,5070,1520696,0.0033339996948765567
B,477,5058,1520696,0.003326108571338387
B,478,5053,1520696,0.003322820603197483
B,479,5023,1520696,0.00330309279435206
B,480,4824,1520696,0.0031722316623440847
B,481,4730,1520696,0.003110417861295091
B,482,4724,1520696,0.0031064722995260063
B,483,4669,1520696,0.0030703046499760637
B,484,4664,1520696,0.0030670166818351596
B,485,4647,1520696,0.0030558375901560864
B,486,4635,1520696,0.003047946466617917
B,487,4581,1520696,0.003012436410696155
B,488,4569,1520696,0.0030045452871579857
B,489,4518,1520696,0.0029710080121207656
B,490,4508,1520696,0.002964432075838958
B,491,4480,1520696,0.002946019454249896
B,492,4464,1520696,0.0029354979561990037
B,493,4449,1520696,0.002925634051776292
B,494,4442,1520696,0.0029210308963790264
B,495,4422,1520696,0.002907879023815411
B,496,4407,1520696,0.002898015119392699
B,497,4389,1520696,0.002886178434085445
B,498,4384,1520696,0.002882890465944541
B,499,4335,1520696,0.002850668378163683
B,500,4328,1520696,0.0028460652227664173
